{"simulation":{"i":0,"selection":[],"palette":{"classes":[{"i":0,"start":-100,"end":0,"color":[0,255,255]},{"i":1,"start":0,"end":1,"color":[0,232,232]},{"i":2,"start":1,"end":5,"color":[0,209,209]},{"i":3,"start":5,"end":10,"color":[0,186,186]},{"i":4,"start":10,"end":15,"color":[0,163,163]},{"i":5,"start":15,"end":25,"color":[0,140,140]},{"i":6,"start":25,"end":40,"color":[0,117,117]},{"i":7,"start":40,"end":60,"color":[0,94,94]},{"i":8,"start":60,"end":75,"color":[0,71,71]},{"i":9,"start":75,"end":1800000,"color":[0,48,48]}]}},"dashboard":[{"name":"Auto.Grid","config":{"z":0},"span":4}],"settings":{"fps":10,"rowHeight":400,"loop":false,"showGrid":false,"cache":10},"control":{"collapsed":false}}